Education,EnvironmentSatisfaction,JobInvolvement,JobLevel,JobSatisfaction,NumProjectsWorked,OverTime,PerformanceRating,RelationshipSatisfaction,StandardHours,TrainingTimesLastYear,WorkLifeBalance,Job Approved 
4,3,2,5,4,9,No,4,4,80,3,3,Y
2,1,2,4,4,9,No,4,4,80,1,3,Y
5,2,3,1,4,1,No,3,4,80,4,2,Y
3,3,2,3,4,9,No,4,3,80,3,2,Y
2,4,3,4,4,9,No,4,3,80,1,2,Y
2,2,3,2,2,8,Yes,4,4,80,2,3,Y
4,4,4,1,4,0,Yes,3,1,80,3,3,Y
3,2,2,3,3,8,No,4,3,80,2,3,Y
4,4,3,2,3,8,No,4,2,80,3,3,Y
4,4,3,2,4,9,No,3,1,80,3,3,Y
3,4,3,1,2,8,No,4,4,80,2,3,Y
3,3,3,4,1,8,No,4,1,80,2,3,Y
2,4,2,5,4,8,No,4,4,80,2,3,Y
3,2,3,1,2,8,No,4,2,80,6,2,Y
4,4,3,1,4,0,No,3,1,80,3,3,Y
4,4,2,2,4,8,No,4,2,80,1,3,Y
4,3,2,1,1,7,No,4,2,80,4,3,Y
3,1,3,1,1,7,No,4,1,80,2,4,Y
2,1,3,1,1,7,No,4,1,80,3,4,Y
3,4,3,1,4,7,No,4,1,80,1,3,Y
1,4,3,2,1,7,No,4,4,80,2,4,Y
5,3,3,2,4,7,No,4,4,80,2,2,Y
3,4,3,1,1,7,Yes,4,4,80,2,1,Y
1,3,3,3,3,7,No,4,3,80,3,3,Y
2,2,3,2,2,6,No,4,4,80,0,3,Y
4,4,3,2,4,8,No,3,2,80,2,3,Y
3,3,3,1,1,6,No,4,2,80,3,3,Y
3,2,2,2,3,6,No,4,2,80,3,3,Y
2,2,3,4,1,6,No,4,3,80,3,3,Y
2,4,2,2,4,6,No,4,1,80,2,1,Y
3,3,2,1,2,6,No,4,3,80,3,3,Y
4,4,3,1,4,3,Yes,3,2,80,2,3,Y
2,4,4,2,1,6,No,4,1,80,3,3,Y
5,2,3,2,1,5,Yes,4,3,80,2,2,Y
2,1,3,1,4,5,No,4,1,80,2,3,Y
3,4,3,4,4,5,Yes,4,3,80,3,3,Y
4,4,2,3,1,5,Yes,4,3,80,2,3,Y
3,3,2,2,4,5,Yes,4,2,80,4,2,Y
1,2,4,2,3,5,No,4,2,80,0,3,Y
3,3,3,3,2,5,No,4,3,80,2,3,Y
4,4,3,1,4,1,Yes,3,3,80,2,2,Y
3,3,3,2,2,5,No,4,3,80,3,3,Y
3,3,4,1,1,4,Yes,4,1,80,3,2,Y
4,4,3,2,4,4,No,3,2,80,2,2,Y
4,1,3,2,4,4,Yes,4,3,80,4,3,Y
4,3,3,1,1,4,Yes,4,4,80,3,3,Y
4,3,3,1,4,0,Yes,3,3,80,4,3,Y
4,1,2,2,4,4,No,4,3,80,2,4,Y
4,1,4,2,4,4,No,4,4,80,4,4,Y
3,1,3,2,2,4,No,4,3,80,2,4,Y
4,3,3,1,3,4,No,4,3,80,6,3,Y
4,3,3,1,4,0,Yes,3,2,80,2,1,Y
4,1,3,3,4,4,No,4,4,80,6,3,Y
4,3,2,1,4,0,Yes,3,2,80,5,3,Y
4,3,2,1,4,1,No,3,3,80,3,3,Y
3,4,3,5,2,4,Yes,4,1,80,5,2,Y
2,3,2,2,1,4,No,4,1,80,3,3,Y
4,3,2,2,4,1,Yes,3,2,80,3,3,Y
3,4,3,2,2,4,No,4,3,80,3,3,Y
3,3,1,3,3,4,No,4,3,80,2,4,Y
4,1,2,4,3,4,Yes,4,4,80,2,2,Y
2,4,3,2,2,4,No,4,4,80,2,4,Y
3,2,3,4,2,4,No,4,4,80,0,2,Y
4,3,3,2,3,4,No,4,2,80,3,4,Y
4,3,2,1,4,3,No,3,4,80,2,3,Y
3,3,3,3,3,4,No,4,3,80,2,4,Y
4,4,3,2,4,3,No,4,4,80,3,2,Y
4,4,3,1,4,3,No,4,2,80,4,3,Y
4,1,2,3,1,3,No,4,3,80,1,2,Y
4,3,2,1,4,1,No,3,3,80,2,2,Y
4,3,1,1,4,1,No,3,4,80,5,3,Y
3,4,3,1,3,3,Yes,4,4,80,0,1,Y
1,1,3,3,3,3,No,4,2,80,3,1,Y
4,1,2,2,4,3,No,4,2,80,6,3,Y
4,2,4,1,4,3,No,3,4,80,3,3,Y
5,1,3,4,2,3,No,4,4,80,2,3,Y
3,3,3,2,4,3,No,4,3,80,2,1,Y
3,4,1,1,3,3,No,4,3,80,2,3,Y
3,3,3,3,3,3,No,4,2,80,3,4,Y
4,3,2,4,4,3,No,4,3,80,3,3,Y
3,2,3,5,2,3,No,4,3,80,4,3,Y
4,2,3,1,2,3,No,4,3,80,3,3,Y
1,4,1,2,4,3,No,4,2,80,3,3,Y
2,3,3,3,3,3,No,4,2,80,2,3,Y
2,1,2,2,1,3,No,4,1,80,2,3,Y
3,4,3,5,1,3,Yes,4,3,80,3,3,Y
4,2,3,4,4,3,No,4,1,80,2,3,Y
4,3,3,1,4,3,Yes,4,4,80,3,2,Y
5,2,3,4,3,3,No,4,3,80,6,3,Y
4,4,3,2,4,3,Yes,4,1,80,2,4,Y
4,3,1,3,4,3,No,4,3,80,2,4,Y
1,3,2,3,3,3,No,4,4,80,3,2,Y
4,2,4,1,4,2,No,3,3,80,2,3,Y
4,2,3,1,4,2,No,3,3,80,6,3,Y
4,3,3,1,1,2,No,4,4,80,2,3,Y
2,2,3,2,3,2,Yes,4,4,80,3,1,Y
2,2,1,2,4,2,Yes,4,3,80,2,2,Y
3,3,1,2,4,2,No,4,3,80,2,3,Y
4,1,4,1,4,2,Yes,4,3,80,2,2,Y
4,1,4,4,4,2,No,4,3,80,3,2,Y
4,1,3,2,4,2,No,4,1,80,0,3,Y
3,4,3,4,1,2,No,4,3,80,3,3,Y
3,3,1,3,1,2,Yes,4,3,80,2,3,Y
4,2,3,2,4,9,No,3,2,80,3,2,Y
3,1,2,1,1,2,Yes,4,2,80,2,4,Y
3,3,3,3,4,2,No,4,2,80,5,4,Y
5,3,2,4,4,2,No,4,2,80,3,3,Y
1,4,3,2,4,2,No,4,4,80,3,2,Y
3,1,3,3,1,2,Yes,4,3,80,2,2,Y
4,2,1,2,4,2,Yes,4,1,80,4,2,Y
3,1,3,3,3,2,No,4,2,80,3,3,Y
4,2,2,1,4,9,No,3,2,80,3,2,Y
1,4,3,1,3,1,No,4,2,80,2,3,Y
4,2,1,1,4,1,No,3,4,80,5,3,Y
2,3,3,2,4,1,No,4,4,80,2,3,Y
5,2,3,3,1,1,No,4,4,80,3,2,Y
3,1,3,2,4,1,Yes,4,2,80,3,3,Y
4,3,3,2,4,1,No,4,4,80,2,3,Y
4,3,2,4,2,1,No,4,4,80,3,2,Y
3,1,1,2,3,1,Yes,4,4,80,3,3,Y
4,2,1,2,4,1,No,3,2,80,3,3,Y
1,3,3,1,3,1,No,4,4,80,3,3,Y
4,1,4,2,4,7,No,3,3,80,0,2,Y
3,2,2,1,4,1,No,4,3,80,3,2,Y
2,2,3,3,1,1,No,4,3,80,2,3,Y
2,2,3,1,2,1,Yes,4,4,80,5,2,Y
3,2,3,3,4,1,No,4,4,80,3,2,Y
1,3,2,3,3,1,No,4,3,80,2,3,Y
3,2,4,1,2,1,No,4,3,80,3,1,Y
4,1,3,1,4,9,Yes,3,2,80,3,4,Y
2,1,4,2,1,1,Yes,4,3,80,3,3,Y
3,3,3,2,2,1,No,4,1,80,6,1,Y
1,2,3,2,3,1,No,4,3,80,3,3,Y
4,1,3,2,4,1,Yes,3,4,80,2,2,Y
2,3,2,3,3,1,No,4,1,80,2,3,Y
2,1,3,1,4,1,No,4,3,80,3,2,Y
2,4,3,1,4,1,Yes,4,3,80,3,3,Y
4,1,3,1,4,1,No,3,3,80,4,1,Y
1,3,3,3,2,1,No,4,4,80,6,4,Y
3,4,3,3,1,1,Yes,4,4,80,5,2,Y
2,1,3,2,2,1,No,4,4,80,5,4,Y
2,4,2,1,2,1,No,4,4,80,2,3,Y
4,1,2,1,4,0,Yes,3,3,80,2,4,Y
1,4,4,2,4,1,Yes,4,2,80,3,3,Y
2,4,3,3,1,1,No,4,3,80,4,2,Y
1,3,3,2,4,1,No,4,2,80,5,2,Y
3,4,3,2,4,1,No,4,3,80,5,3,Y
2,3,4,2,2,1,No,4,4,80,2,3,Y
3,3,4,1,1,1,Yes,4,3,80,2,3,Y
4,1,2,1,4,0,No,3,4,80,0,3,Y
4,2,3,2,2,1,Yes,4,1,80,2,3,Y
3,1,4,2,1,1,No,4,1,80,5,3,Y
3,4,2,3,3,1,Yes,4,2,80,2,3,Y
4,1,3,1,4,1,Yes,4,3,80,2,1,Y
1,4,3,2,4,1,Yes,4,4,80,2,1,Y
4,3,2,1,2,1,Yes,4,4,80,2,1,Y
3,2,3,1,4,1,No,4,1,80,4,2,Y
1,2,1,5,3,1,No,4,2,80,3,3,Y
1,4,3,1,2,1,No,4,2,80,5,3,Y
4,1,1,1,4,5,Yes,3,4,80,4,2,Y
3,1,3,1,3,1,No,4,3,80,0,2,Y
1,2,3,2,3,1,No,4,1,80,3,2,Y
4,1,4,1,4,1,No,4,2,80,2,3,Y
3,4,4,1,4,4,No,3,4,80,3,4,Y
3,4,3,2,4,7,No,3,4,80,4,4,Y
3,3,2,1,2,1,No,4,3,80,2,3,Y
3,4,3,1,4,9,No,3,4,80,4,3,Y
3,4,3,1,4,5,Yes,3,3,80,3,3,Y
3,4,3,1,4,1,No,3,2,80,3,3,Y
2,1,2,1,3,1,No,4,3,80,2,1,Y
4,2,3,3,1,1,Yes,4,4,80,2,3,Y
3,4,3,1,4,1,No,3,3,80,6,2,Y
2,3,3,4,4,1,Yes,4,4,80,2,3,Y
5,3,2,5,4,1,No,4,3,80,3,3,Y
3,4,3,2,4,3,Yes,3,1,80,4,2,Y
2,3,2,4,3,1,No,4,1,80,3,3,Y
3,4,2,1,2,1,No,4,2,80,3,3,Y
3,3,3,2,4,1,Yes,4,3,80,2,3,Y
3,4,3,1,4,1,No,4,3,80,5,3,Y
3,3,3,1,4,1,Yes,4,2,80,2,3,Y
4,3,3,1,1,1,No,4,2,80,2,3,Y
2,2,4,2,3,1,No,4,3,80,5,3,Y
3,4,3,1,4,2,No,3,3,80,0,2,Y
4,1,3,2,4,1,No,4,3,80,5,3,Y
1,2,2,2,3,1,No,4,4,80,5,3,Y
3,3,3,1,4,1,No,3,3,80,6,4,Y
3,3,3,1,4,0,No,3,1,80,2,4,Y
1,2,2,2,4,1,No,4,4,80,2,2,Y
3,3,3,2,4,1,No,3,3,80,4,3,Y
2,1,3,2,1,1,No,4,4,80,3,3,Y
4,1,4,1,2,1,No,4,2,80,3,3,Y
3,1,3,3,4,1,No,4,1,80,3,2,Y
3,3,3,1,4,1,No,3,1,80,1,3,Y
2,4,3,2,3,1,No,4,3,80,2,3,Y
3,3,4,3,4,1,Yes,4,1,80,2,3,Y
4,3,3,2,3,1,No,4,1,80,2,2,Y
3,4,2,2,3,1,No,4,4,80,2,3,Y
4,4,1,2,4,1,No,4,1,80,4,2,Y
3,2,4,2,2,1,Yes,4,2,80,0,3,Y
3,4,2,3,3,0,No,4,2,80,2,3,Y
4,2,3,2,3,0,No,4,3,80,2,3,Y
3,3,3,1,4,1,No,3,3,80,5,2,Y
4,3,3,2,4,0,Yes,4,4,80,2,1,Y
2,1,3,2,3,0,No,4,1,80,2,2,Y
1,3,1,1,1,0,No,4,1,80,5,4,Y
4,3,3,3,3,0,No,4,4,80,1,3,Y
3,2,2,2,4,0,No,4,2,80,2,3,Y
3,3,3,1,4,5,No,3,2,80,2,2,Y
3,3,3,1,4,1,No,3,2,80,0,2,Y
3,4,4,2,2,0,No,4,3,80,4,3,Y
4,4,2,2,4,0,No,4,1,80,2,3,Y
3,3,3,1,4,1,No,3,3,80,2,1,Y
3,1,2,1,1,0,No,4,3,80,3,3,Y
2,3,3,2,4,0,Yes,4,1,80,2,3,Y
3,3,2,1,4,3,No,3,1,80,6,3,Y
3,4,3,3,1,0,Yes,4,1,80,2,3,Y
3,4,2,2,1,0,No,4,3,80,3,3,Y
3,2,4,1,4,1,Yes,3,2,80,3,3,Y
3,2,4,1,4,1,Yes,3,4,80,2,3,Y
4,1,2,2,2,0,Yes,4,3,80,2,4,Y
3,3,3,1,3,0,No,4,1,80,3,4,Y
2,2,3,1,3,0,Yes,4,2,80,4,3,Y
4,2,2,1,3,0,No,4,1,80,5,3,Y
3,2,1,2,1,0,No,4,2,80,5,2,Y
2,1,3,2,3,0,Yes,4,2,80,3,2,Y
4,1,2,4,2,0,No,4,3,80,3,3,Y
1,1,3,1,2,9,No,3,4,80,3,3,N
3,2,3,1,4,6,Yes,3,3,80,2,3,Y
2,1,2,3,3,9,Yes,3,4,80,2,3,N
4,1,3,3,3,9,No,3,1,80,5,1,N
3,2,3,1,4,1,Yes,3,3,80,3,2,Y
4,4,3,2,3,9,No,3,2,80,3,3,N
5,4,2,2,4,9,No,3,4,80,5,1,N
4,2,3,3,3,9,No,3,1,80,3,3,N
4,4,3,2,4,9,No,3,2,80,2,3,N
4,3,3,5,1,9,Yes,3,4,80,4,3,N
3,2,3,1,4,2,Yes,3,1,80,2,2,Y
3,2,2,1,4,1,No,3,2,80,3,3,N
4,3,2,2,2,9,No,3,3,80,5,3,N
4,3,3,2,3,9,No,3,1,80,3,3,N
3,3,4,4,1,9,No,3,4,80,0,2,N
3,2,3,3,1,9,Yes,3,3,80,2,3,N
3,2,3,2,3,9,No,3,3,80,2,3,N
2,1,3,2,3,9,No,3,1,80,3,3,N
3,1,4,3,1,9,No,3,1,80,2,3,N
3,4,3,4,3,9,Yes,3,4,80,2,2,N
3,3,4,2,2,9,No,3,3,80,3,1,N
4,4,3,2,1,9,Yes,3,2,80,4,3,N
2,4,2,2,4,9,Yes,3,4,80,4,3,N
3,4,3,2,2,9,No,3,4,80,2,2,N
3,2,1,2,4,7,Yes,3,4,80,3,3,N
1,4,2,1,4,9,Yes,3,4,80,3,2,N
4,3,3,1,2,9,No,3,2,80,2,3,N
4,4,3,1,3,9,No,3,2,80,2,3,N
4,4,3,5,4,9,No,3,4,80,0,3,N
3,1,3,1,4,0,No,3,2,80,5,3,Y
2,2,2,3,1,9,No,3,4,80,1,3,N
3,3,3,2,2,9,No,3,3,80,2,2,N
4,2,3,3,3,9,No,3,3,80,3,2,N
4,3,3,2,2,9,Yes,3,4,80,2,3,N
3,2,3,3,2,9,Yes,3,3,80,2,2,N
3,1,3,1,4,1,No,3,1,80,5,3,N
4,3,3,1,1,9,No,3,3,80,2,1,N
2,4,4,1,2,9,No,3,4,80,3,3,N
3,1,3,2,4,1,No,3,1,80,2,3,Y
4,3,3,2,3,9,Yes,3,2,80,2,3,N
3,4,2,3,1,9,No,3,3,80,3,3,N
3,3,2,2,3,9,No,3,3,80,2,3,N
4,4,3,1,3,9,No,3,3,80,2,3,N
3,1,3,1,4,7,No,3,3,80,2,2,N
3,1,3,3,3,9,No,3,2,80,3,3,N
3,3,3,3,1,9,No,3,2,80,3,4,N
2,4,4,1,4,3,No,3,1,80,2,3,N
2,2,3,2,4,8,Yes,3,1,80,0,1,N
3,2,3,2,2,8,No,3,3,80,2,1,N
4,3,4,5,2,8,No,3,4,80,3,3,N
2,3,3,2,4,8,Yes,3,3,80,2,4,N
2,4,3,2,2,8,No,3,4,80,3,4,N
2,2,3,1,3,8,No,3,4,80,2,2,N
3,3,3,3,1,8,No,3,1,80,1,2,N
3,1,4,2,4,8,Yes,3,2,80,3,2,N
4,4,4,2,3,8,No,3,4,80,2,3,N
4,1,3,2,1,8,No,3,4,80,1,3,N
3,4,2,2,1,8,No,3,1,80,2,1,N
3,4,2,2,4,8,No,3,3,80,2,3,N
2,4,3,2,4,1,No,3,4,80,2,3,Y
3,3,3,3,3,8,No,3,3,80,2,3,N
4,2,3,2,4,8,Yes,3,3,80,1,3,N
2,2,1,2,1,8,No,3,4,80,6,3,N
3,3,3,3,1,8,No,3,3,80,1,3,N
3,1,1,2,3,8,No,3,2,80,2,2,N
4,3,3,2,1,8,No,3,3,80,3,3,N
3,3,4,1,4,8,No,3,2,80,4,3,N
1,4,3,2,3,8,No,3,3,80,2,2,N
4,1,2,1,2,8,No,3,4,80,5,3,N
3,3,3,4,2,8,No,3,4,80,2,4,N
4,3,3,2,3,8,No,3,3,80,2,3,N
2,3,3,1,4,1,No,3,4,80,6,3,N
3,4,4,2,3,8,Yes,3,4,80,5,4,N
3,4,3,2,2,8,No,3,4,80,2,2,N
3,3,2,5,1,8,No,3,2,80,2,3,N
2,2,2,2,2,8,No,3,3,80,3,3,N
3,3,2,3,2,8,Yes,3,3,80,4,3,N
4,4,3,2,4,8,No,3,3,80,2,4,N
1,4,1,2,3,8,No,3,4,80,3,3,N
2,3,2,2,4,3,Yes,3,4,80,3,1,Y
3,1,4,1,3,8,No,3,2,80,0,2,N
2,2,3,1,4,2,No,3,4,80,0,4,N
4,1,3,1,4,8,No,3,3,80,3,2,N
2,4,3,1,3,8,No,3,4,80,4,1,N
3,4,3,2,3,8,No,3,3,80,3,3,N
3,3,2,2,4,7,Yes,3,3,80,2,2,N
3,1,3,3,1,7,No,3,4,80,3,2,N
1,1,2,2,3,7,No,3,4,80,2,2,N
2,2,3,1,4,1,No,3,4,80,2,3,Y
3,1,3,5,3,7,No,3,3,80,5,3,N
4,3,2,3,4,7,No,3,1,80,2,2,N
1,2,3,2,1,7,Yes,3,2,80,2,3,N
4,4,3,3,1,7,No,3,3,80,3,3,N
3,3,2,1,4,7,No,3,2,80,3,2,N
4,3,3,1,3,7,No,3,3,80,1,3,N
3,2,4,3,2,7,No,3,2,80,6,2,N
4,2,3,2,2,7,No,3,3,80,3,3,N
2,3,2,4,3,7,Yes,3,4,80,2,3,N
2,2,2,1,4,1,Yes,3,4,80,3,3,N
2,4,3,2,4,7,No,3,3,80,2,2,N
2,4,3,2,3,7,Yes,3,2,80,2,4,N
2,4,3,2,2,7,No,3,3,80,5,3,N
4,3,3,2,3,7,No,3,3,80,3,3,N
1,2,3,3,3,7,Yes,3,4,80,2,4,N
1,1,1,1,4,7,No,3,1,80,2,3,N
2,4,3,2,4,7,No,3,4,80,3,3,N
3,2,3,4,3,7,No,3,3,80,3,3,N
5,2,3,4,1,7,No,3,2,80,2,3,N
4,4,2,4,1,7,No,3,1,80,3,1,N
4,4,3,1,2,7,No,3,4,80,2,3,N
2,1,3,2,4,1,No,3,1,80,3,3,N
3,3,3,4,4,7,No,3,3,80,1,2,N
4,4,3,5,2,7,Yes,3,4,80,2,3,N
1,4,3,1,4,1,No,3,1,80,3,2,Y
2,1,2,3,4,7,Yes,3,4,80,3,3,N
2,3,2,2,3,7,No,3,1,80,6,3,N
4,3,2,3,3,7,No,3,2,80,3,3,N
3,1,3,2,3,7,No,3,2,80,3,2,N
1,3,2,4,1,7,No,3,2,80,3,4,N
4,2,3,3,2,7,No,3,4,80,4,3,N
2,4,3,3,2,7,No,3,3,80,2,3,N
3,1,3,4,4,7,No,3,4,80,4,3,N
2,3,2,2,4,7,No,3,3,80,2,3,N
4,2,3,2,1,7,No,3,4,80,3,4,N
5,4,4,2,1,7,No,3,1,80,3,4,N
3,2,2,2,2,7,No,3,2,80,2,4,N
4,4,3,3,3,7,No,3,1,80,2,1,N
3,2,3,5,2,7,No,3,3,80,5,3,N
2,3,3,2,3,7,Yes,3,3,80,3,3,N
4,3,2,3,1,7,Yes,3,4,80,0,2,N
3,3,2,1,4,7,No,3,3,80,3,4,N
1,4,2,1,4,1,No,3,3,80,2,3,N
4,4,3,2,1,7,No,3,2,80,3,3,N
1,3,3,1,4,1,No,3,3,80,2,3,Y
5,1,3,2,3,7,No,3,3,80,4,2,N
3,2,3,4,1,7,No,3,4,80,3,2,N
2,3,2,1,1,7,No,3,3,80,2,2,N
4,4,3,2,1,7,No,3,4,80,3,3,N
1,3,3,1,4,1,No,3,3,80,2,2,Y
1,3,2,1,4,1,Yes,3,3,80,3,2,Y
2,4,3,1,3,7,No,3,4,80,5,2,N
3,3,1,4,3,7,No,3,3,80,3,1,N
4,3,3,2,2,7,No,3,4,80,3,1,N
4,3,3,5,4,7,Yes,3,3,80,3,3,N
3,4,3,3,1,7,Yes,3,4,80,1,3,N
4,3,2,2,2,7,Yes,3,3,80,3,2,N
3,1,2,5,3,7,No,3,4,80,2,3,N
4,4,3,1,3,7,Yes,3,3,80,3,3,N
1,2,3,1,4,3,No,3,1,80,4,3,N
2,4,3,2,2,7,No,3,2,80,3,3,N
4,2,3,2,3,7,No,3,4,80,3,3,N
2,4,2,1,3,6,Yes,3,2,80,3,3,N
3,3,3,2,3,6,No,3,2,80,3,2,N
1,2,3,1,4,5,Yes,3,4,80,2,3,N
4,3,3,1,3,6,No,3,4,80,3,3,N
1,2,3,1,4,1,No,3,2,80,2,2,N
3,4,2,3,4,6,No,3,4,80,2,3,N
4,4,2,2,1,6,No,3,2,80,3,3,N
3,1,3,3,3,6,No,3,2,80,5,3,N
4,4,3,3,2,6,No,3,2,80,2,3,N
3,4,2,2,2,6,Yes,3,4,80,3,3,N
3,4,2,3,4,6,No,3,4,80,2,3,N
3,1,3,4,3,6,No,3,3,80,2,1,N
4,2,3,2,2,6,No,3,2,80,2,2,N
1,2,1,1,4,0,Yes,3,1,80,2,2,Y
1,1,4,1,4,1,No,3,4,80,5,3,Y
3,4,2,2,1,6,No,3,3,80,2,2,N
4,1,4,2,1,6,Yes,3,4,80,2,3,N
1,1,3,1,4,1,Yes,3,3,80,2,3,N
4,1,2,2,3,6,No,3,4,80,6,3,N
3,2,2,1,3,6,Yes,3,3,80,3,3,N
4,4,3,4,4,6,No,3,3,80,0,3,N
1,1,2,1,4,6,No,3,3,80,5,3,N
2,3,3,4,3,6,No,3,3,80,3,4,N
4,4,3,3,4,6,No,3,2,80,2,3,N
2,4,3,3,3,6,No,3,2,80,3,3,N
2,4,3,2,3,6,No,3,2,80,6,3,N
2,4,3,5,3,6,No,3,2,80,3,4,N
1,1,3,2,4,7,No,3,1,80,2,3,N
4,3,2,3,3,6,No,3,2,80,4,3,N
4,4,2,4,2,6,No,3,2,80,3,3,N
4,4,2,1,3,6,No,3,2,80,2,3,N
1,1,2,1,4,0,No,3,4,80,2,3,N
3,4,2,5,4,6,No,3,3,80,3,4,N
4,4,3,3,4,6,No,3,4,80,6,2,N
4,4,3,2,4,1,No,4,2,80,3,3,Y
4,3,2,4,2,6,Yes,3,4,80,4,3,N
2,4,3,1,1,6,No,3,3,80,3,4,N
4,4,3,5,2,6,No,3,1,80,4,3,N
4,1,4,4,3,6,Yes,3,3,80,2,2,N
1,2,3,2,4,6,No,3,1,80,2,4,N
3,4,3,4,4,6,No,3,4,80,3,2,N
3,2,3,1,4,6,Yes,3,3,80,2,1,N
4,3,3,1,4,4,No,4,1,80,1,3,Y
4,2,2,1,4,8,No,4,2,80,2,4,Y
4,2,3,2,3,6,No,3,1,80,5,3,N
3,3,3,3,4,6,Yes,3,4,80,2,2,N
2,1,1,2,4,6,Yes,3,4,80,2,2,N
4,2,4,4,2,6,No,3,3,80,2,3,N
4,1,3,2,3,6,No,3,2,80,2,2,N
3,4,3,1,4,4,No,4,4,80,3,3,Y
3,3,1,2,2,6,No,3,2,80,4,3,N
3,3,2,1,4,6,No,3,3,80,0,2,Y
2,3,2,2,4,5,No,3,4,80,2,4,Y
3,3,3,1,4,5,Yes,3,3,80,2,1,Y
3,4,3,1,4,3,No,4,1,80,3,3,Y
2,1,3,2,4,5,No,3,3,80,2,3,Y
3,1,3,4,4,5,No,3,3,80,3,3,Y
2,3,3,1,4,5,No,3,2,80,3,3,Y
3,3,2,3,4,5,No,3,3,80,5,3,Y
3,4,3,1,4,1,No,4,4,80,3,2,Y
3,3,3,1,4,9,Yes,4,3,80,4,3,Y
3,3,2,2,4,5,No,3,4,80,2,3,Y
3,1,3,1,4,1,No,4,1,80,5,3,Y
2,4,1,2,4,5,No,3,1,80,3,3,Y
4,3,3,2,4,5,No,3,2,80,6,3,Y
3,1,3,1,4,1,No,4,2,80,3,1,Y
2,4,3,1,4,1,No,4,4,80,3,3,Y
3,3,2,1,4,5,No,3,1,80,2,2,Y
3,3,3,1,4,4,No,3,4,80,3,3,Y
3,4,1,3,4,4,No,3,1,80,3,2,Y
2,4,2,1,4,1,Yes,4,2,80,3,2,Y
3,3,3,3,4,4,No,3,4,80,3,3,Y
4,1,3,1,4,4,No,3,3,80,2,3,Y
4,3,3,2,4,4,No,3,2,80,5,4,Y
4,3,4,1,4,4,No,3,4,80,2,3,Y
2,3,3,1,4,1,Yes,4,2,80,2,2,Y
3,2,4,2,4,4,No,3,2,80,3,2,Y
3,4,3,2,4,4,No,3,4,80,3,3,Y
2,1,3,1,4,3,No,4,4,80,3,2,Y
5,4,3,2,4,4,No,3,2,80,6,3,Y
4,1,2,3,4,4,No,3,1,80,2,3,Y
2,3,3,2,4,4,No,3,3,80,2,2,Y
3,3,3,1,4,4,No,3,3,80,3,1,Y
1,2,3,2,4,4,Yes,3,3,80,2,4,Y
3,4,3,2,4,4,No,3,2,80,2,4,Y
3,2,3,3,4,4,No,3,4,80,3,4,Y
2,1,2,2,4,4,No,3,4,80,3,3,Y
1,4,2,1,4,0,Yes,4,4,80,2,2,Y
1,3,3,1,4,1,No,4,1,80,6,3,Y
4,2,2,4,4,4,Yes,3,3,80,3,2,Y
4,4,3,5,4,4,Yes,3,1,80,2,4,Y
1,3,3,1,4,8,Yes,4,3,80,0,3,Y
1,3,3,2,4,4,No,3,3,80,3,2,Y
3,4,3,2,4,4,No,3,2,80,2,2,Y
4,2,1,1,4,4,Yes,3,3,80,1,2,Y
4,1,3,2,4,4,No,3,4,80,3,3,Y
3,1,3,1,4,4,No,3,2,80,5,3,Y
3,4,2,3,4,4,No,3,3,80,2,3,Y
3,2,1,2,4,4,No,3,1,80,3,3,Y
2,3,2,3,4,4,Yes,3,2,80,6,2,Y
5,4,3,1,3,6,Yes,3,2,80,0,1,N
3,1,3,1,4,4,No,3,2,80,2,2,Y
5,4,3,2,4,4,No,3,3,80,3,2,Y
3,1,3,3,4,4,No,3,1,80,1,4,Y
3,2,3,3,4,4,Yes,3,4,80,4,4,Y
5,1,3,2,4,4,Yes,3,3,80,3,3,Y
5,2,4,1,3,2,Yes,3,1,80,5,2,N
3,3,3,1,4,4,Yes,3,1,80,2,3,Y
5,2,3,2,3,3,Yes,3,1,80,2,3,N
3,3,3,3,4,4,Yes,3,2,80,5,2,Y
3,3,3,2,4,4,No,3,4,80,3,3,Y
3,4,3,4,4,4,Yes,3,3,80,2,2,Y
4,2,2,2,4,4,No,3,1,80,2,2,Y
2,3,4,2,4,4,No,3,3,80,3,3,Y
4,1,2,3,4,3,No,3,4,80,4,3,Y
3,4,3,2,4,3,No,3,3,80,6,4,Y
3,2,4,1,4,3,No,3,2,80,3,3,Y
4,4,4,1,3,3,No,3,3,80,0,3,N
2,1,3,3,4,3,No,3,4,80,4,3,Y
2,3,4,3,4,3,Yes,3,2,80,2,1,Y
3,4,3,2,4,3,No,3,1,80,3,1,Y
3,4,3,3,4,3,Yes,3,3,80,3,3,Y
4,4,3,5,4,3,No,3,3,80,3,2,Y
4,4,3,1,3,1,Yes,3,4,80,4,4,N
2,4,2,2,4,3,No,3,4,80,0,3,Y
2,2,3,2,4,3,Yes,3,4,80,4,3,Y
3,2,2,2,4,3,No,3,3,80,6,2,Y
4,4,3,1,3,1,Yes,3,3,80,3,3,N
3,1,2,4,4,3,No,3,3,80,3,2,Y
2,3,3,3,4,3,No,3,4,80,6,3,Y
4,4,3,1,3,1,Yes,3,4,80,2,3,N
4,4,3,2,3,3,No,3,4,80,4,2,N
4,2,2,5,4,3,No,3,2,80,2,2,Y
3,4,2,2,4,3,No,3,3,80,5,3,Y
2,1,1,1,4,3,No,3,1,80,2,3,Y
4,4,3,1,4,3,No,3,4,80,2,3,Y
4,4,3,1,3,4,No,3,1,80,2,2,N
3,3,2,4,4,3,Yes,3,1,80,4,3,Y
3,4,4,4,4,3,Yes,3,3,80,2,3,Y
2,4,3,4,4,3,No,3,2,80,4,4,Y
2,2,3,3,4,3,Yes,3,3,80,1,1,Y
4,2,3,1,4,3,Yes,3,1,80,4,3,Y
4,4,2,1,3,3,No,3,3,80,3,3,N
3,4,3,4,4,3,No,3,1,80,2,3,Y
3,3,1,5,4,3,No,3,2,80,2,3,Y
3,4,2,4,4,3,No,3,2,80,2,2,Y
4,3,3,1,3,1,Yes,3,3,80,4,3,N
4,4,2,3,4,3,No,3,4,80,3,4,Y
1,4,3,1,4,3,No,3,3,80,6,2,Y
4,1,2,2,4,3,Yes,3,4,80,2,4,Y
2,4,3,2,4,3,Yes,3,3,80,2,3,Y
4,2,4,3,4,3,No,3,3,80,2,3,Y
4,3,3,2,4,3,No,3,3,80,2,2,Y
4,4,3,2,4,3,No,3,3,80,1,4,Y
3,2,1,2,4,3,Yes,3,3,80,2,3,Y
2,4,3,3,4,3,No,3,3,80,4,2,Y
3,4,3,4,4,3,No,3,2,80,3,3,Y
1,4,2,2,4,3,Yes,3,3,80,3,2,Y
1,2,3,5,4,3,No,3,4,80,3,3,Y
4,2,3,2,4,3,Yes,3,3,80,4,3,Y
4,1,2,4,4,2,No,3,3,80,3,3,Y
4,4,3,2,4,2,Yes,3,4,80,5,4,Y
3,4,4,4,4,2,Yes,3,3,80,3,3,Y
3,3,3,3,4,2,No,3,1,80,3,3,Y
4,1,1,3,4,2,No,3,4,80,2,3,Y
3,2,3,3,4,2,No,3,3,80,2,3,Y
2,4,3,2,4,2,No,3,4,80,2,3,Y
4,1,3,3,4,2,Yes,3,1,80,2,3,Y
5,1,3,4,4,2,No,3,2,80,2,3,Y
3,3,3,4,4,2,Yes,3,3,80,2,3,Y
2,4,3,4,4,2,No,3,4,80,2,1,Y
3,3,2,3,4,2,Yes,3,3,80,3,3,Y
4,3,3,2,3,1,Yes,3,2,80,3,3,N
5,2,3,2,4,2,No,3,1,80,2,3,Y
3,4,3,2,4,2,No,3,4,80,4,3,Y
4,3,3,1,3,2,No,3,2,80,2,3,N
4,2,3,2,4,2,No,3,3,80,3,2,Y
3,3,4,2,4,2,Yes,3,2,80,1,2,Y
2,4,3,4,4,2,No,3,2,80,2,2,Y
4,4,2,2,4,2,Yes,3,3,80,5,3,Y
4,3,3,1,3,3,No,3,1,80,2,3,N
4,3,3,1,3,6,No,3,4,80,3,2,N
4,4,3,2,4,2,No,3,3,80,3,2,Y
2,3,3,3,4,2,No,3,3,80,2,3,Y
4,2,4,4,4,2,No,3,4,80,4,4,Y
3,4,3,3,4,2,Yes,3,3,80,3,1,Y
2,2,3,2,4,2,No,3,3,80,6,3,Y
3,3,3,2,4,2,No,3,4,80,6,3,Y
3,3,3,3,4,2,Yes,3,4,80,3,3,Y
2,3,3,2,4,2,Yes,3,4,80,2,3,Y
4,1,3,1,4,2,No,3,2,80,3,2,Y
3,4,3,5,4,2,No,3,3,80,3,2,Y
2,4,4,1,4,1,Yes,3,2,80,2,2,Y
3,4,3,1,4,1,No,3,1,80,3,3,Y
2,3,3,1,4,1,No,3,3,80,3,3,Y
1,4,4,1,4,1,No,3,4,80,2,3,Y
2,1,3,3,4,1,Yes,3,3,80,1,3,Y
5,4,3,2,4,1,No,3,4,80,2,3,Y
1,4,2,2,4,1,Yes,3,3,80,1,2,Y
3,3,2,2,4,1,No,3,1,80,3,3,Y
2,3,2,3,4,1,No,3,4,80,3,3,Y
4,3,2,1,3,2,No,3,4,80,2,3,N
3,4,2,1,4,1,Yes,3,2,80,5,3,Y
3,2,3,1,4,1,No,3,3,80,5,3,Y
2,3,3,4,4,1,Yes,3,4,80,3,4,Y
4,4,3,3,4,1,No,3,4,80,3,2,Y
3,2,3,3,4,1,No,3,4,80,2,3,Y
2,3,3,1,4,1,No,3,3,80,3,3,Y
4,4,3,2,4,1,Yes,3,1,80,0,3,Y
1,2,3,1,4,1,No,3,1,80,2,3,Y
4,4,1,3,4,1,No,3,3,80,2,2,Y
3,2,3,3,4,1,Yes,3,3,80,1,3,Y
4,2,3,2,3,1,No,3,2,80,5,3,N
1,2,3,3,4,1,No,3,4,80,5,3,Y
4,1,3,1,3,9,Yes,3,3,80,2,4,N
2,3,3,5,4,1,No,3,4,80,3,3,Y
2,2,3,2,4,1,No,3,1,80,3,2,Y
4,4,2,2,4,1,Yes,3,2,80,0,3,Y
2,3,2,5,4,1,No,3,1,80,2,3,Y
4,3,3,3,4,1,Yes,3,3,80,2,2,Y
4,2,3,2,4,1,No,3,4,80,1,3,Y
2,2,2,2,4,1,Yes,3,2,80,3,3,Y
2,1,2,1,4,1,No,3,3,80,3,4,Y
4,2,3,3,4,1,No,3,4,80,3,2,Y
4,4,4,2,4,1,No,3,4,80,3,3,Y
3,3,1,1,4,1,Yes,3,2,80,3,1,Y
4,3,3,2,4,1,No,3,2,80,4,3,Y
3,3,3,1,4,1,Yes,3,3,80,2,3,Y
3,4,3,2,4,1,No,3,4,80,2,2,Y
4,1,3,2,4,1,No,3,4,80,2,3,Y
4,1,3,1,4,1,No,3,2,80,1,2,Y
3,2,3,5,4,1,No,3,2,80,4,2,Y
2,3,3,4,4,1,Yes,3,3,80,3,2,Y
3,3,3,3,4,1,No,3,1,80,3,4,Y
1,3,2,3,4,1,Yes,3,2,80,3,3,Y
2,2,3,2,4,1,Yes,3,4,80,1,2,Y
2,2,2,1,4,1,No,3,4,80,6,3,Y
4,1,3,2,4,1,No,3,2,80,3,3,Y
4,4,2,1,4,1,Yes,3,1,80,3,2,Y
1,3,2,3,4,1,Yes,3,1,80,6,3,Y
3,3,3,1,4,1,No,3,2,80,5,3,Y
3,3,3,2,4,1,Yes,3,2,80,1,3,Y
2,4,3,2,4,1,Yes,3,3,80,0,3,Y
2,4,4,2,4,1,No,3,2,80,2,3,Y
1,4,2,4,4,1,No,3,3,80,3,3,Y
1,1,1,5,4,1,No,3,4,80,3,3,Y
4,1,3,1,3,1,No,3,4,80,3,3,N
3,4,3,1,4,1,Yes,3,2,80,3,3,Y
4,1,3,2,3,1,No,3,3,80,3,3,N
1,4,3,1,4,1,Yes,3,2,80,3,4,Y
2,4,3,2,4,1,No,3,4,80,3,3,Y
1,2,2,2,4,1,Yes,3,3,80,2,2,Y
1,3,3,1,4,1,Yes,3,4,80,4,2,Y
4,4,2,1,4,1,No,3,2,80,2,4,Y
1,2,3,1,4,1,No,3,1,80,5,3,Y
3,4,2,2,4,1,No,3,2,80,2,2,Y
3,3,4,1,4,1,No,3,4,80,2,3,Y
4,1,2,1,3,0,No,3,3,80,5,2,N
3,3,3,2,4,1,Yes,3,2,80,2,3,Y
1,3,1,1,4,1,Yes,3,4,80,4,3,Y
3,1,3,3,4,1,No,3,4,80,2,3,Y
3,4,4,1,3,2,No,3,4,80,2,3,N
3,4,2,1,4,1,Yes,3,2,80,2,3,Y
3,4,4,1,3,1,No,3,4,80,2,3,N
3,3,4,2,4,1,No,3,3,80,4,4,Y
3,4,3,3,4,1,No,3,3,80,2,3,Y
3,4,3,1,3,4,No,3,2,80,3,3,N
3,4,3,1,4,1,No,3,3,80,5,4,Y
3,4,3,1,3,1,No,3,1,80,2,1,N
4,3,3,2,4,1,No,3,4,80,2,4,Y
3,4,2,2,4,1,Yes,3,4,80,3,3,Y
3,4,2,1,3,1,No,3,3,80,0,3,N
4,1,2,2,4,1,No,3,3,80,2,2,Y
2,1,3,3,4,1,No,3,1,80,5,3,Y
2,1,3,1,4,1,No,3,3,80,3,3,Y
5,3,1,4,4,1,Yes,3,4,80,2,3,Y
1,1,3,2,4,1,No,3,4,80,0,4,Y
2,3,2,1,4,1,No,3,4,80,5,2,Y
4,3,4,2,4,1,No,3,1,80,3,3,Y
2,2,3,1,4,1,Yes,3,3,80,2,4,Y
3,4,2,1,3,0,Yes,3,1,80,0,2,N
3,4,1,1,3,2,No,3,4,80,3,3,N
2,4,2,2,4,1,No,3,1,80,3,3,Y
4,4,3,2,4,1,No,3,3,80,5,3,Y
3,3,4,1,3,6,Yes,3,4,80,2,3,N
4,1,3,2,4,1,No,3,1,80,2,3,Y
3,3,4,1,3,1,No,3,4,80,1,3,N
2,2,2,2,4,1,No,3,3,80,3,4,Y
4,3,1,2,4,1,No,3,3,80,2,2,Y
3,3,4,3,4,1,Yes,3,2,80,2,3,Y
3,4,3,2,4,1,Yes,3,1,80,3,3,Y
3,4,3,2,4,1,Yes,3,4,80,2,3,Y
4,1,2,2,4,1,No,3,1,80,3,3,Y
3,3,3,2,4,1,Yes,3,4,80,2,3,Y
3,3,4,1,3,0,No,3,4,80,5,2,N
3,3,3,2,4,1,No,3,1,80,4,3,Y
1,4,3,1,4,1,No,3,2,80,3,4,Y
3,3,4,1,3,6,No,3,1,80,2,2,N
2,3,3,1,4,1,No,3,2,80,2,3,Y
3,3,3,2,3,3,No,3,4,80,4,4,N
3,2,3,1,4,1,No,3,3,80,3,2,Y
2,1,3,1,4,1,No,3,4,80,3,3,Y
3,3,3,1,3,2,No,3,3,80,3,4,N
2,3,2,2,4,1,Yes,3,3,80,2,3,Y
4,3,3,2,4,1,Yes,3,4,80,2,3,Y
3,4,3,2,4,1,No,3,1,80,5,3,Y
4,1,3,2,4,1,Yes,3,3,80,4,3,Y
1,4,1,1,4,1,Yes,3,3,80,4,3,Y
2,4,3,1,4,1,No,3,3,80,6,4,Y
4,3,3,3,4,1,No,3,3,80,3,3,Y
4,3,3,3,4,1,Yes,3,3,80,2,3,Y
2,1,3,2,4,1,No,3,3,80,1,3,Y
2,4,3,1,4,0,No,3,3,80,2,2,Y
2,2,3,1,4,0,No,3,3,80,2,3,Y
2,2,3,3,4,0,No,3,3,80,6,3,Y
1,3,3,1,4,0,No,3,3,80,2,3,Y
3,3,3,1,3,5,No,3,2,80,2,3,N
3,3,3,2,4,0,Yes,3,4,80,2,1,Y
2,4,1,2,4,0,No,3,4,80,2,4,Y
1,2,2,1,4,0,No,3,4,80,3,3,Y
4,3,3,2,4,0,No,3,1,80,2,3,Y
3,3,4,5,4,0,No,3,3,80,2,3,Y
2,3,3,4,4,0,Yes,3,2,80,2,3,Y
3,4,3,1,4,0,No,3,3,80,4,3,Y
3,3,4,3,4,0,No,3,1,80,5,2,Y
4,3,3,1,4,0,No,3,1,80,5,3,Y
5,2,2,1,4,0,No,3,3,80,2,3,Y
2,3,2,3,4,0,Yes,3,2,80,3,3,Y
4,4,2,2,4,0,No,3,4,80,4,4,Y
3,3,3,1,4,0,No,3,3,80,2,2,Y
3,4,3,1,4,0,No,3,3,80,3,3,Y
3,3,3,1,3,1,No,3,3,80,3,2,N
4,2,4,2,4,0,No,3,3,80,4,2,Y
1,3,3,2,4,0,No,3,2,80,3,3,Y
2,3,3,1,4,0,No,3,3,80,1,1,Y
3,4,3,1,4,0,No,3,2,80,2,3,Y
3,3,3,1,3,1,No,3,2,80,2,2,N
1,1,2,1,4,0,No,3,4,80,2,2,Y
1,3,3,2,4,0,Yes,3,1,80,2,2,Y
3,4,3,2,4,0,Yes,3,3,80,2,1,Y
3,2,2,2,4,0,No,3,1,80,3,3,Y
4,1,3,2,4,0,No,3,2,80,2,3,Y
1,2,2,1,4,0,No,3,4,80,2,2,Y
4,2,4,2,4,0,No,3,4,80,2,2,Y
5,4,2,3,4,0,No,3,2,80,2,2,Y
1,1,3,2,4,0,No,3,3,80,1,2,Y
3,3,4,1,4,0,No,3,1,80,4,3,Y
4,2,4,2,4,0,Yes,3,2,80,3,3,Y
4,3,3,2,4,0,No,3,2,80,4,3,Y
3,1,2,2,4,0,No,3,1,80,6,3,Y
3,3,1,2,4,0,No,3,1,80,6,3,Y
3,4,3,3,4,0,No,3,4,80,0,2,Y
3,4,2,2,4,0,No,3,2,80,0,3,Y
1,3,3,3,4,0,Yes,3,1,80,1,3,Y
5,3,2,3,4,0,No,3,2,80,4,3,Y
3,3,3,1,3,0,No,3,4,80,1,2,N
3,2,3,5,4,0,Yes,3,4,80,4,2,Y
3,1,3,1,4,0,No,3,4,80,2,3,Y
3,3,2,1,3,9,Yes,3,4,80,4,3,N
3,2,3,1,4,0,No,3,2,80,5,3,Y
2,4,3,1,4,0,Yes,3,3,80,3,2,Y
2,2,2,2,4,0,No,3,4,80,2,2,Y
3,3,2,1,3,1,Yes,3,4,80,2,3,N
3,3,4,1,4,0,No,3,1,80,3,3,Y
3,3,2,1,3,1,Yes,3,4,80,2,2,N
2,2,3,2,4,0,Yes,3,1,80,6,3,Y
3,1,2,3,4,0,No,3,3,80,2,3,Y
4,1,3,3,1,6,Yes,3,2,80,2,2,N
3,2,4,1,3,4,No,3,4,80,2,3,N
3,3,3,2,1,6,Yes,3,4,80,3,3,N
1,3,2,2,1,5,No,3,3,80,1,3,N
4,3,2,2,1,5,No,3,3,80,5,2,N
3,1,3,1,1,5,No,3,3,80,5,3,N
3,1,3,5,1,5,No,3,4,80,5,1,N
3,4,3,5,1,5,Yes,3,4,80,2,3,N
2,3,3,2,1,5,No,3,2,80,1,3,N
3,1,3,2,1,5,No,3,3,80,3,3,N
3,2,4,1,3,7,No,3,1,80,0,3,N
5,4,2,3,1,5,No,3,3,80,3,3,N
5,2,2,2,1,5,Yes,3,2,80,3,3,N
3,2,4,2,1,5,No,3,3,80,2,2,N
4,4,3,3,1,4,Yes,3,2,80,3,4,N
3,2,3,1,3,1,No,3,3,80,2,3,N
3,2,3,1,3,1,No,3,3,80,4,1,N
3,4,2,4,1,4,No,3,2,80,2,2,N
2,3,3,2,1,4,Yes,3,1,80,3,4,N
1,4,2,2,1,4,No,3,4,80,5,3,N
2,1,3,5,1,4,No,3,3,80,4,2,N
3,3,2,3,1,4,No,3,4,80,5,4,N
3,4,3,3,1,4,Yes,3,3,80,2,3,N
3,2,2,1,3,1,No,3,4,80,3,3,N
4,4,3,5,1,4,No,3,4,80,2,3,N
3,4,3,4,1,4,Yes,3,2,80,2,3,N
3,1,3,1,1,4,No,3,3,80,4,4,N
4,3,2,2,1,4,No,3,1,80,3,2,N
3,3,3,2,1,4,No,3,1,80,3,3,N
4,2,3,3,1,4,No,3,3,80,6,3,N
3,4,3,1,1,4,Yes,3,2,80,2,2,N
2,3,3,1,1,4,No,3,4,80,5,2,N
3,2,2,1,3,1,No,3,1,80,3,3,N
4,4,3,2,1,4,No,3,3,80,3,2,N
3,1,2,1,1,4,Yes,3,4,80,3,3,N
5,4,2,2,1,4,No,3,3,80,3,3,N
3,1,2,1,1,4,No,3,1,80,3,2,N
3,4,2,3,1,4,Yes,3,2,80,3,3,N
1,4,2,3,1,4,No,3,1,80,5,3,N
4,2,3,5,1,3,No,3,4,80,2,2,N
4,3,3,1,1,3,Yes,3,3,80,3,3,N
3,1,3,1,3,2,No,3,2,80,4,3,N
1,3,3,1,1,3,No,3,3,80,3,3,N
3,1,2,2,1,3,No,3,4,80,1,3,N
4,2,3,1,1,3,No,3,2,80,5,3,N
3,3,1,3,1,3,No,3,3,80,2,3,N
3,1,3,1,3,4,Yes,3,2,80,2,3,N
5,2,3,2,1,3,No,3,3,80,3,3,N
4,3,3,2,1,3,Yes,3,4,80,2,3,N
5,1,3,3,1,3,Yes,3,3,80,6,3,N
3,1,3,1,3,4,No,3,1,80,2,3,N
2,2,3,2,1,3,No,3,4,80,3,3,N
2,1,2,1,1,3,No,3,1,80,2,3,N
3,1,3,1,3,1,No,3,3,80,4,2,N
3,4,1,2,1,3,No,3,4,80,2,3,N
3,4,3,4,1,3,No,3,3,80,1,4,N
4,4,3,1,1,3,No,3,2,80,3,1,N
1,3,1,2,1,3,No,3,3,80,3,3,N
4,1,4,2,1,3,Yes,3,4,80,3,3,N
3,1,3,1,1,3,Yes,3,2,80,3,1,N
3,4,3,1,1,3,No,3,2,80,2,3,N
3,1,3,1,3,6,No,3,1,80,3,2,N
3,3,4,2,1,2,No,3,1,80,3,3,N
2,3,2,3,1,2,Yes,3,3,80,3,3,N
3,3,2,3,1,2,Yes,3,3,80,5,2,N
3,1,3,1,3,4,Yes,3,3,80,2,2,N
3,3,2,3,1,2,No,3,4,80,6,3,N
3,4,3,2,1,2,No,3,4,80,4,3,N
4,2,3,2,1,2,No,3,3,80,2,1,N
4,1,3,2,1,2,No,3,4,80,4,3,N
3,1,3,1,3,4,No,3,3,80,2,2,N
4,4,3,2,1,2,No,3,4,80,2,3,N
4,4,3,2,1,2,No,3,1,80,2,4,N
3,1,2,2,1,2,No,3,3,80,3,2,N
3,4,3,1,1,2,Yes,3,3,80,3,3,N
3,1,4,2,1,2,No,3,4,80,2,2,N
3,2,1,3,1,2,Yes,3,2,80,2,3,N
3,2,3,1,1,2,Yes,3,3,80,2,2,N
3,1,2,2,3,1,Yes,3,1,80,3,1,N
4,1,3,2,1,2,No,3,4,80,6,1,N
5,2,3,2,1,2,No,3,4,80,3,3,N
2,2,3,2,1,2,Yes,3,2,80,3,3,N
3,1,2,1,3,1,No,3,4,80,2,1,N
2,3,2,3,1,2,No,3,1,80,2,3,N
3,2,3,2,1,2,No,3,2,80,3,3,N
4,1,3,3,1,2,No,3,4,80,3,3,N
3,1,4,4,1,2,No,3,4,80,5,3,N
4,1,3,4,1,2,No,3,1,80,3,3,N
4,2,4,2,1,2,No,3,4,80,5,3,N
2,4,4,1,3,1,No,3,4,80,3,2,N
4,2,4,3,1,1,No,3,3,80,1,3,N
4,4,3,1,1,1,No,3,4,80,6,3,N
2,4,3,1,3,0,No,3,4,80,2,4,N
4,3,3,2,1,1,No,3,3,80,2,2,N
3,3,3,2,1,1,No,3,3,80,4,3,N
2,4,4,2,1,1,No,3,3,80,3,3,N
2,2,4,2,1,1,No,3,4,80,2,3,N
2,1,3,2,1,1,Yes,3,3,80,3,3,N
3,1,3,3,1,1,No,3,1,80,2,3,N
1,3,3,4,1,1,Yes,3,4,80,3,3,N
2,4,3,2,3,4,Yes,3,4,80,2,3,N
4,2,1,1,1,1,Yes,3,4,80,4,2,N
3,4,3,1,1,1,No,3,3,80,2,2,N
2,2,3,2,1,1,No,3,2,80,5,1,N
2,4,2,1,1,1,No,3,3,80,3,3,N
3,2,4,3,1,1,No,3,3,80,2,3,N
2,3,3,2,1,1,No,3,4,80,2,3,N
4,2,2,1,1,1,No,3,3,80,2,4,N
2,3,3,3,1,1,No,3,4,80,3,3,N
1,2,3,1,1,1,No,3,4,80,2,4,N
4,3,2,4,1,1,No,3,1,80,3,4,N
4,1,2,3,1,1,No,3,2,80,1,3,N
2,2,2,1,1,1,Yes,3,4,80,1,3,N
1,3,3,2,1,1,Yes,3,4,80,3,3,N
2,4,2,1,3,1,No,3,1,80,4,4,N
1,3,2,2,1,1,No,3,1,80,1,4,N
4,1,3,4,1,1,No,3,4,80,3,3,N
3,4,3,3,1,1,No,3,2,80,3,3,N
3,3,2,2,1,1,No,3,2,80,2,3,N
2,4,2,2,3,1,No,3,4,80,2,3,N
2,3,4,2,3,5,No,3,3,80,3,2,N
3,1,3,1,1,1,No,3,2,80,2,3,N
4,3,3,2,1,1,No,3,3,80,2,4,N
2,3,3,1,3,9,No,3,2,80,0,3,N
2,3,2,1,3,1,Yes,3,1,80,2,3,N
2,4,3,2,1,1,Yes,3,3,80,2,3,N
1,3,3,2,1,1,No,3,3,80,1,3,N
2,2,4,1,3,1,No,3,3,80,3,3,N
1,2,1,1,1,1,No,3,1,80,3,2,N
2,2,2,1,3,1,Yes,3,3,80,3,2,N
4,3,4,1,1,1,No,3,3,80,1,3,N
3,4,3,3,1,1,Yes,3,3,80,2,3,N
3,3,3,2,1,1,No,3,2,80,3,2,N
3,3,2,1,1,1,No,3,1,80,6,2,N
2,2,2,3,1,1,No,3,1,80,2,2,N
2,1,2,1,1,1,No,3,1,80,2,3,N
1,4,2,3,1,1,No,3,1,80,3,1,N
1,3,3,1,1,1,No,3,3,80,3,3,N
4,4,2,1,1,1,No,3,3,80,2,3,N
2,3,3,2,1,1,Yes,3,4,80,2,2,N
3,3,2,2,1,1,No,3,2,80,2,3,N
2,3,4,5,1,1,No,3,4,80,4,2,N
2,3,3,2,1,1,No,3,4,80,6,4,N
3,3,2,2,1,1,No,3,3,80,0,3,N
2,2,2,1,3,1,Yes,3,2,80,2,2,N
2,1,4,1,3,3,Yes,3,1,80,2,3,N
3,2,2,3,1,1,No,3,1,80,3,2,N
2,1,3,2,3,2,No,3,2,80,3,3,N
3,2,2,2,1,1,No,3,4,80,4,3,N
3,4,2,1,1,1,No,3,2,80,3,3,N
3,1,3,1,1,1,Yes,3,4,80,2,3,N
1,2,3,1,1,1,Yes,3,4,80,3,3,N
2,4,3,2,1,1,No,3,3,80,2,3,N
3,2,3,2,3,1,No,3,2,80,3,4,y
2,1,3,1,3,1,No,3,2,80,2,3,N
4,4,4,4,1,1,No,3,2,80,5,1,N
2,1,3,2,3,3,No,3,3,80,6,2,N
5,3,1,2,1,1,Yes,3,1,80,3,3,N
1,4,3,1,3,1,Yes,3,4,80,5,3,N
3,1,2,2,1,1,No,3,1,80,2,3,N
4,3,3,1,1,1,No,3,4,80,3,2,N
1,3,3,1,3,0,Yes,3,4,80,3,3,N
3,4,2,1,1,1,No,3,1,80,3,3,N
1,4,3,1,1,1,No,3,1,80,3,3,N
1,2,3,1,1,1,No,3,2,80,2,4,N
1,3,3,1,3,7,Yes,3,4,80,2,3,N
1,3,3,1,1,1,Yes,3,3,80,6,3,N
1,3,3,1,3,0,No,3,2,80,0,2,N
4,4,3,2,1,1,No,3,2,80,4,1,N
3,3,4,1,1,1,No,3,4,80,3,3,N
1,3,3,1,1,1,Yes,3,4,80,6,3,N
1,1,4,1,3,1,No,3,4,80,3,3,N
1,1,3,1,3,1,No,3,4,80,1,2,N
3,4,3,1,1,1,No,3,1,80,3,2,N
4,3,2,2,1,0,No,3,2,80,2,3,N
3,4,2,1,1,0,Yes,3,3,80,4,3,N
1,1,2,1,3,1,No,3,3,80,5,3,N
3,4,3,5,1,0,Yes,3,3,80,2,3,N
2,2,4,2,1,0,No,3,3,80,2,3,N
5,4,3,2,3,3,Yes,4,2,80,2,3,Y
5,3,3,1,3,3,No,4,1,80,2,3,Y
4,3,3,3,1,0,No,3,3,80,3,3,N
4,3,3,1,3,3,No,4,2,80,1,2,Y
4,1,2,2,3,1,No,4,2,80,4,3,Y
1,3,3,1,1,0,No,3,2,80,3,3,N
2,2,4,3,1,0,Yes,3,3,80,4,2,N
3,3,3,2,1,0,No,3,3,80,1,2,N
2,4,3,4,1,0,No,3,4,80,3,3,N
4,1,3,2,1,0,Yes,3,1,80,3,3,N
3,3,3,4,1,0,Yes,3,2,80,2,2,N
3,4,3,1,3,4,No,4,1,80,4,3,Y
3,3,3,2,1,0,Yes,3,4,80,3,3,N
3,3,3,2,1,0,No,3,4,80,2,3,N
3,3,3,1,3,1,No,4,3,80,2,3,Y
3,1,1,1,3,1,No,4,3,80,2,2,Y
2,4,3,1,3,1,No,4,4,80,2,3,Y
2,3,4,1,3,1,No,4,3,80,3,3,Y
3,3,3,4,1,0,No,3,3,80,5,3,N
3,3,4,1,1,0,No,3,4,80,2,3,N
2,2,4,2,3,0,No,4,1,80,2,2,Y
1,2,3,1,1,0,No,3,2,80,3,4,N
3,4,3,2,1,0,No,3,4,80,4,3,N
1,1,3,1,3,0,No,4,4,80,3,3,Y
3,4,3,2,1,0,No,3,1,80,2,3,N
3,3,3,2,1,0,No,3,4,80,5,3,N
1,1,2,1,3,1,No,4,3,80,2,3,Y
2,1,3,2,1,0,No,3,4,80,5,4,N
2,3,2,1,1,0,No,3,2,80,3,3,N
5,4,4,1,1,0,No,3,3,80,4,3,N
4,2,3,2,1,0,No,3,4,80,2,1,N
3,3,3,1,1,0,No,3,4,80,6,2,N
3,1,3,2,1,0,No,3,1,80,5,2,N
5,3,2,1,2,5,No,3,2,80,2,4,N
4,2,3,4,1,0,No,3,1,80,3,3,N
3,2,3,2,1,0,No,3,2,80,2,3,N
4,4,3,1,2,8,Yes,3,4,80,2,3,N
3,4,4,1,2,5,No,3,3,80,0,3,N
3,4,3,4,2,4,Yes,3,1,80,0,3,N
4,3,4,5,2,4,Yes,3,1,80,0,3,N
3,3,4,1,2,1,No,3,4,80,0,3,N
1,3,3,2,2,0,Yes,3,4,80,0,3,N
4,4,3,3,3,3,No,3,1,80,0,3,N
2,4,3,2,3,3,Yes,3,4,80,0,3,N
4,4,3,1,2,1,Yes,3,1,80,3,2,N
3,1,2,2,3,2,No,3,4,80,0,3,N
4,1,3,2,3,2,No,3,2,80,0,2,N
3,4,3,3,3,1,No,3,4,80,0,3,N
3,2,3,5,3,1,No,3,4,80,0,3,N
4,2,3,2,3,1,No,3,1,80,0,3,N
1,3,3,1,3,1,No,3,4,80,0,3,N
4,1,3,1,3,1,No,3,4,80,0,3,N
4,4,3,2,3,0,Yes,3,3,80,0,2,N
3,1,3,5,2,3,Yes,3,1,80,1,2,N
2,4,2,4,2,3,No,3,2,80,1,2,N
4,3,3,3,2,2,No,3,3,80,1,4,N
4,3,3,2,2,8,No,3,3,80,4,4,N
2,3,2,2,2,2,No,3,3,80,1,1,N
4,1,1,2,3,6,No,3,3,80,1,3,N
4,4,2,2,3,4,No,3,3,80,1,4,N
4,1,4,2,3,4,No,3,4,80,1,3,N
4,1,2,2,3,4,No,3,2,80,1,4,N
3,2,3,2,3,4,No,3,1,80,1,3,N
2,2,2,2,3,3,Yes,3,1,80,1,3,N
4,1,2,2,3,2,No,3,4,80,1,3,N
3,3,2,2,3,1,Yes,3,4,80,1,3,N
1,4,3,2,3,1,No,3,1,80,1,3,N
1,2,3,1,3,1,No,3,3,80,1,3,N
3,1,3,3,3,1,No,3,2,80,1,3,N
4,4,3,4,3,0,No,3,3,80,1,2,N
2,1,3,1,3,0,No,3,3,80,1,3,N
2,1,1,2,2,6,No,3,2,80,2,3,N
3,3,3,4,2,5,No,3,4,80,2,4,N
2,1,1,2,2,5,No,3,1,80,2,1,N
4,2,3,2,2,5,No,3,4,80,2,3,N
2,4,3,5,2,5,No,3,1,80,2,3,N
3,4,2,1,2,5,No,3,1,80,2,2,N
4,3,3,1,2,1,No,3,2,80,4,3,N
3,3,3,1,2,4,No,3,2,80,2,3,N
3,2,4,4,2,4,Yes,3,4,80,2,2,N
3,3,3,2,2,4,No,3,3,80,2,4,N
3,4,4,4,2,4,No,3,2,80,2,2,N
4,3,2,1,2,0,Yes,3,4,80,5,3,N
4,3,2,2,2,6,No,3,3,80,3,3,N
3,3,3,2,2,4,No,3,1,80,2,3,N
2,4,2,2,2,4,Yes,3,1,80,2,3,N
3,3,1,4,2,3,Yes,3,2,80,2,2,N
4,3,2,2,2,2,No,3,1,80,3,2,N
4,2,4,2,2,6,Yes,3,4,80,2,3,N
2,1,2,3,2,3,No,3,3,80,2,3,N
3,4,2,3,2,3,No,3,1,80,2,3,N
4,1,3,4,2,3,No,3,2,80,2,3,N
4,2,3,1,2,2,No,3,2,80,3,3,N
4,2,3,1,2,9,Yes,3,1,80,2,3,N
4,2,3,1,2,1,No,3,3,80,3,2,N
3,1,2,2,2,2,No,3,2,80,2,3,N
3,4,4,1,2,1,Yes,3,1,80,2,2,N
4,1,3,1,2,2,Yes,3,4,80,2,3,N
4,3,3,2,2,2,Yes,3,4,80,2,2,N
2,2,2,2,2,2,Yes,3,3,80,2,3,N
4,1,2,3,2,2,No,3,2,80,2,2,N
3,3,2,3,2,2,No,3,1,80,2,3,N
3,3,2,3,2,2,No,3,2,80,2,4,N
3,1,1,5,2,2,Yes,3,1,80,2,3,N
2,4,2,5,2,2,No,3,3,80,2,3,N
4,4,2,3,2,2,Yes,3,3,80,2,3,N
2,1,3,2,2,1,No,3,3,80,2,3,N
4,1,3,3,2,1,Yes,3,4,80,2,2,N
3,4,3,1,2,1,No,3,4,80,5,3,N
3,4,3,2,2,1,No,3,3,80,2,3,N
4,4,3,4,2,1,No,3,2,80,2,3,N
3,4,3,2,2,0,No,3,3,80,4,2,N
2,3,2,2,2,1,Yes,3,4,80,2,3,N
1,4,2,2,2,1,Yes,3,1,80,2,3,N
2,4,3,1,2,1,No,3,2,80,2,3,N
3,1,3,5,2,1,No,3,3,80,2,3,N
3,4,3,1,2,1,No,3,4,80,2,3,N
2,1,3,3,2,1,Yes,3,4,80,2,3,N
3,4,3,1,2,1,No,3,4,80,3,2,N
2,3,2,1,2,1,Yes,3,3,80,2,3,N
3,4,3,1,2,1,No,3,3,80,3,2,N
4,3,4,2,2,1,Yes,3,1,80,2,3,N
3,1,2,1,2,1,No,3,1,80,2,3,N
3,4,3,2,2,5,No,3,4,80,2,2,N
3,4,3,1,2,1,No,3,4,80,2,2,N
3,4,3,1,2,0,No,3,4,80,2,2,N
3,4,3,1,2,1,Yes,3,1,80,2,4,N
3,3,3,4,2,1,Yes,3,2,80,2,3,N
5,3,4,3,2,1,No,3,1,80,2,3,N
3,4,3,1,2,6,No,3,4,80,1,1,N
2,4,3,1,2,1,No,3,3,80,2,3,N
1,3,1,2,2,1,No,3,2,80,2,2,N
3,4,2,2,2,1,No,3,4,80,2,3,N
4,4,3,1,2,1,No,3,1,80,2,3,N
3,4,2,1,2,1,No,3,4,80,0,4,N
1,2,2,4,4,0,No,3,1,80,2,2,Y
1,4,3,1,3,6,Yes,3,3,80,2,2,Y
3,4,2,2,2,1,Yes,3,3,80,3,3,N
2,2,2,5,3,5,Yes,3,4,80,2,2,Y
3,3,3,2,2,4,No,3,4,80,2,3,N
4,1,2,3,3,5,No,3,3,80,2,1,Y
2,3,3,3,3,5,No,3,1,80,2,4,Y
1,2,3,3,3,5,Yes,3,2,80,2,2,Y
3,1,3,5,3,5,No,3,1,80,2,2,Y
5,4,3,5,3,4,No,3,2,80,2,3,Y
3,4,3,3,3,4,Yes,3,3,80,2,3,Y
5,1,4,4,3,4,No,3,3,80,2,3,Y
2,2,4,2,3,4,Yes,3,4,80,2,3,Y
4,4,2,2,3,4,No,3,4,80,2,3,Y
3,3,3,5,3,4,Yes,3,3,80,2,3,Y
3,3,3,4,3,4,No,3,1,80,2,3,Y
4,2,3,1,3,4,No,3,3,80,2,3,Y
3,2,1,2,3,3,Yes,3,3,80,2,3,Y
1,3,3,3,3,3,Yes,3,3,80,2,3,Y
3,1,3,3,3,3,No,3,1,80,2,3,Y
2,2,3,2,3,3,No,3,4,80,2,3,Y
4,2,2,1,3,3,No,3,2,80,2,4,Y
3,4,3,4,3,3,Yes,3,4,80,2,3,Y
3,2,3,1,3,3,Yes,3,1,80,2,3,Y
4,1,3,4,3,3,No,3,2,80,2,4,Y
3,3,3,1,2,0,Yes,3,4,80,3,2,N
4,3,3,2,3,3,No,3,3,80,2,4,Y
3,3,3,1,2,1,No,3,3,80,2,2,N
4,3,3,2,3,3,No,3,3,80,2,3,Y
4,4,3,5,3,3,No,3,3,80,2,3,Y
3,3,3,2,3,3,No,3,1,80,2,2,Y
2,4,3,3,3,3,Yes,3,4,80,2,3,Y
3,4,1,3,3,3,No,3,3,80,2,1,Y
3,4,3,4,3,2,Yes,3,3,80,2,3,Y
4,2,2,2,3,2,No,3,3,80,2,3,Y
3,3,2,1,3,2,No,3,4,80,2,2,Y
4,4,1,2,3,2,Yes,3,4,80,2,3,Y
3,3,3,1,2,1,Yes,3,2,80,2,2,N
4,4,3,2,3,2,No,3,3,80,2,3,Y
4,3,3,2,3,2,No,3,3,80,2,4,Y
4,1,3,4,3,2,No,3,3,80,2,2,Y
3,1,3,5,3,2,No,3,2,80,2,4,Y
3,3,2,1,2,1,No,3,3,80,3,2,N
4,2,3,5,3,2,Yes,3,4,80,2,2,Y
2,1,2,5,3,2,No,3,3,80,2,4,Y
4,1,3,3,3,2,No,3,1,80,2,3,Y
3,1,3,3,3,2,No,3,4,80,2,3,Y
2,1,2,1,3,1,Yes,3,3,80,2,3,Y
3,1,1,1,3,1,No,3,3,80,2,2,Y
3,2,3,2,2,1,No,3,2,80,3,3,N
4,1,2,2,3,1,No,3,3,80,2,4,Y
3,3,3,3,3,1,No,3,2,80,2,3,Y
1,4,3,1,3,1,Yes,3,4,80,2,2,Y
3,2,3,2,2,1,No,3,1,80,2,3,N
1,4,3,5,3,1,No,3,2,80,2,3,Y
1,4,2,2,3,1,No,3,3,80,2,2,Y
3,2,3,1,2,1,No,3,1,80,2,1,N
3,4,3,2,3,1,No,3,4,80,2,3,Y
4,1,2,5,3,1,Yes,3,4,80,2,4,Y
3,3,3,1,3,1,No,3,3,80,2,3,Y
3,4,2,1,3,1,No,3,1,80,2,3,Y
3,4,2,2,3,1,No,3,3,80,2,3,Y
3,4,3,1,3,1,Yes,3,2,80,2,3,Y
4,4,3,2,3,1,Yes,3,4,80,2,4,Y
2,2,2,3,3,1,No,3,2,80,2,3,Y
4,2,2,3,3,1,No,3,3,80,2,3,Y
3,2,2,1,2,1,No,3,2,80,3,2,N
1,3,3,1,3,1,No,3,3,80,2,3,Y
3,3,3,3,3,1,No,3,3,80,2,3,Y
2,4,3,2,3,1,No,3,4,80,2,2,Y
3,4,3,4,3,1,No,3,4,80,2,3,Y
4,3,3,1,3,1,Yes,3,4,80,2,3,Y
4,2,2,2,3,1,No,3,4,80,2,3,Y
3,3,2,5,3,1,No,3,1,80,2,4,Y
3,1,3,1,2,1,No,3,4,80,1,3,N
3,1,2,1,2,1,No,3,3,80,3,4,N
3,1,2,1,2,5,No,3,4,80,1,3,N
3,3,4,1,3,1,No,3,4,80,2,4,Y
4,3,3,1,3,1,No,3,2,80,2,1,Y
2,4,3,1,2,2,No,3,4,80,3,3,N
2,4,2,2,2,3,No,3,1,80,2,3,N
3,1,2,1,3,1,No,3,1,80,2,2,Y
2,3,3,1,2,1,Yes,3,3,80,2,2,N
3,2,3,1,3,1,No,3,4,80,2,3,Y
3,1,2,3,3,1,No,3,4,80,2,3,Y
1,4,2,1,3,1,Yes,3,1,80,2,3,Y
1,4,1,1,3,1,No,3,3,80,2,3,Y
4,2,3,1,3,1,No,3,4,80,2,4,Y
2,1,4,1,2,0,Yes,3,4,80,5,2,N
3,2,3,2,3,1,No,3,1,80,2,3,Y
2,1,1,1,2,7,Yes,3,4,80,4,3,N
4,2,3,2,3,1,No,3,2,80,2,2,Y
4,4,3,3,3,1,No,3,3,80,2,2,Y
2,2,2,2,3,1,No,3,2,80,2,2,Y
3,4,3,2,3,1,No,3,1,80,2,4,Y
1,4,2,1,2,1,Yes,3,3,80,6,4,N
1,1,2,1,2,0,No,3,1,80,2,1,N
2,2,2,1,3,1,No,3,3,80,2,2,Y
4,3,3,2,3,1,Yes,3,4,80,2,4,Y
1,2,3,1,3,0,No,3,3,80,2,3,Y
4,3,1,2,3,0,No,3,4,80,2,3,Y
4,4,3,2,2,4,Yes,4,4,80,2,3,Y
3,4,2,1,3,0,Yes,3,4,80,2,1,Y
4,3,3,5,3,0,No,3,4,80,2,3,Y
4,2,2,4,3,0,No,3,2,80,2,3,Y
4,3,2,1,2,6,No,4,4,80,3,3,Y
3,4,1,1,3,0,No,3,3,80,2,3,Y
3,4,3,1,2,0,Yes,4,1,80,2,3,Y
4,2,3,1,3,0,Yes,3,2,80,2,2,Y
4,3,2,3,3,0,Yes,3,2,80,2,3,Y
3,3,3,1,2,0,No,4,4,80,3,3,Y
4,4,3,1,3,0,Yes,3,3,80,2,2,Y
2,3,4,1,3,0,No,3,1,80,2,1,Y
4,4,3,2,3,0,Yes,3,2,80,2,3,Y
1,1,3,2,3,0,No,3,2,80,2,3,Y
3,1,3,2,3,0,No,3,4,80,2,1,Y
3,2,2,1,2,4,Yes,4,2,80,3,2,Y
4,2,1,1,3,0,No,3,2,80,2,4,Y
3,1,2,1,2,1,Yes,4,2,80,2,4,Y
3,4,2,1,3,0,No,3,4,80,2,3,Y
1,3,2,1,3,5,No,3,3,80,3,3,Y
1,1,3,3,3,5,No,3,4,80,3,2,Y
3,1,2,1,2,4,Yes,4,2,80,0,3,Y
3,3,3,4,3,5,No,3,4,80,3,3,Y
3,3,3,5,3,4,No,3,4,80,3,2,Y
4,1,3,3,3,4,No,3,1,80,3,4,Y
2,2,3,1,2,4,No,4,1,80,1,3,Y
4,2,1,2,3,4,Yes,3,2,80,3,2,Y
1,4,3,1,2,1,Yes,4,1,80,2,3,Y
2,4,3,2,3,4,Yes,3,1,80,3,2,Y
4,3,3,2,3,4,Yes,3,4,80,3,3,Y
3,4,3,2,3,4,Yes,3,3,80,3,2,Y
3,2,3,2,3,4,No,3,1,80,3,2,Y
3,4,3,1,3,4,No,3,4,80,3,3,Y
4,2,3,2,3,4,No,3,3,80,3,3,Y
1,3,2,2,2,1,No,4,4,80,3,3,Y
1,2,3,2,3,3,No,3,1,80,3,3,Y
4,4,4,1,3,3,Yes,3,3,80,3,3,Y
5,4,3,2,3,3,Yes,3,2,80,3,3,Y
3,3,4,4,3,3,No,3,3,80,3,3,Y
1,1,3,4,3,3,No,3,4,80,3,3,Y
3,1,3,1,3,3,No,3,4,80,3,4,Y
3,3,4,2,3,3,No,3,3,80,3,3,Y
3,2,1,3,3,3,No,3,1,80,3,3,Y
5,2,4,2,1,1,No,3,4,80,2,3,N
4,4,4,1,1,6,No,3,2,80,1,3,N
3,1,2,2,3,2,No,3,4,80,3,3,Y
4,1,2,2,3,2,Yes,3,1,80,3,3,Y
2,4,3,2,3,2,No,3,4,80,3,2,Y
1,1,4,2,3,2,No,3,2,80,3,2,Y
2,4,4,4,3,2,Yes,3,2,80,3,2,Y
4,4,3,1,1,5,No,3,3,80,2,3,N
4,4,3,2,1,6,Yes,3,3,80,3,2,N
3,4,4,3,3,2,No,3,1,80,3,3,Y
5,2,3,4,3,2,Yes,3,3,80,3,3,Y
1,3,2,4,3,2,Yes,3,2,80,3,3,Y
2,4,3,1,3,2,Yes,3,3,80,3,3,Y
4,4,3,2,1,4,No,3,2,80,3,2,N
4,4,2,1,1,0,No,3,4,80,2,3,N
4,4,3,2,3,2,No,3,2,80,3,3,Y
4,1,3,4,3,2,Yes,3,2,80,3,3,Y
4,4,2,1,1,1,No,3,2,80,3,1,N
3,2,4,2,3,2,No,3,1,80,3,4,Y
4,3,3,1,3,1,Yes,3,3,80,3,2,Y
3,3,3,3,3,1,No,3,1,80,3,4,Y
3,4,2,2,3,1,No,3,3,80,3,2,Y
3,4,3,2,3,1,Yes,3,1,80,3,3,Y
4,3,2,2,3,1,No,3,2,80,3,4,Y
3,4,3,2,3,1,No,3,1,80,3,2,Y
3,3,3,2,3,1,No,3,2,80,3,3,Y
1,2,3,5,3,1,Yes,3,3,80,3,3,Y
4,3,3,1,1,8,No,3,4,80,3,2,N
1,3,3,1,3,1,No,3,1,80,3,3,Y
3,1,3,2,3,1,No,3,4,80,3,3,Y
4,3,2,1,1,1,No,3,3,80,3,3,N
3,3,3,1,3,1,Yes,3,4,80,3,3,Y
3,3,2,1,3,1,No,3,3,80,3,3,Y
1,4,4,1,3,1,Yes,3,3,80,3,3,Y
3,4,2,5,3,1,No,3,2,80,3,3,Y
3,3,2,2,3,1,No,3,3,80,3,3,Y
3,3,2,1,3,1,No,3,4,80,3,2,Y
4,3,2,1,1,3,Yes,3,2,80,1,3,N
3,3,3,2,3,1,No,3,2,80,3,3,Y
4,3,4,2,3,1,Yes,3,3,80,3,4,Y
4,3,3,3,3,1,Yes,3,3,80,3,2,Y
3,3,2,2,3,1,No,3,1,80,3,3,Y
4,2,2,1,1,9,Yes,3,4,80,3,4,N
3,2,3,2,3,1,No,3,1,80,3,2,Y
4,1,2,1,1,6,No,3,3,80,2,1,N
2,4,3,2,3,1,No,3,1,80,3,3,Y
4,4,3,2,3,1,Yes,3,4,80,3,2,Y
4,2,1,1,3,1,No,3,2,80,3,3,Y
1,4,3,2,3,1,Yes,3,3,80,3,3,Y
1,4,3,1,3,1,No,3,1,80,3,3,Y
3,3,2,2,3,1,No,3,3,80,3,3,Y
3,4,3,1,1,5,Yes,3,3,80,5,3,N
3,4,2,3,3,1,Yes,3,4,80,3,3,Y
3,4,3,1,1,1,No,3,4,80,4,3,N
4,2,3,2,3,1,Yes,3,2,80,3,3,Y
3,2,4,2,3,1,No,3,4,80,3,2,Y
3,4,3,1,1,5,No,3,4,80,3,3,N
4,4,2,2,3,1,No,3,2,80,3,2,Y
3,3,3,1,3,1,No,3,1,80,3,3,Y
3,4,3,3,3,1,No,3,2,80,3,3,Y
4,4,1,1,3,1,No,3,3,80,3,4,Y
3,1,3,2,3,1,No,3,3,80,3,3,N
3,4,3,2,3,1,Yes,3,3,80,3,3,Y
2,4,2,1,3,1,No,3,2,80,3,3,N
3,4,3,1,1,2,No,3,2,80,2,2,N
2,4,2,2,3,0,Yes,3,4,80,3,3,Y
3,1,3,2,3,0,No,3,4,80,3,3,N
2,4,1,1,3,0,No,3,4,80,3,2,N
4,3,3,2,3,0,No,3,4,80,3,3,N
3,4,2,1,1,1,No,3,3,80,2,3,N
3,4,2,1,1,1,Yes,3,1,80,2,3,N
3,4,2,1,1,0,No,3,4,80,2,2,N
2,2,1,2,3,0,No,3,1,80,3,3,N
3,3,4,2,1,4,Yes,3,1,80,2,3,N
3,3,3,1,1,4,Yes,3,3,80,3,3,N
3,3,3,3,3,0,No,3,4,80,3,4,N
1,2,3,2,3,0,Yes,3,1,80,3,4,Y
5,1,4,3,3,0,No,3,4,80,3,3,N
3,4,3,2,3,0,No,3,1,80,3,3,N
5,4,4,3,3,0,Yes,3,4,80,3,3,Y
1,3,3,4,3,0,Yes,3,4,80,3,2,Y
3,3,3,1,1,2,No,3,2,80,2,3,N
2,3,2,2,3,0,No,3,4,80,3,3,N
1,3,3,3,3,0,Yes,3,4,80,3,4,Y
3,3,2,1,3,5,Yes,3,2,80,4,3,Y
2,2,3,1,3,4,No,3,4,80,4,3,N
3,3,3,3,3,4,Yes,3,4,80,4,4,Y
3,3,3,1,1,0,No,3,1,80,2,3,N
3,3,3,2,3,3,No,3,3,80,4,3,N
2,2,3,2,3,3,Yes,3,1,80,4,3,Y
4,4,3,2,3,3,Yes,3,4,80,4,3,Y
3,3,3,2,3,3,Yes,3,3,80,4,2,Y
3,2,4,1,1,1,Yes,3,1,80,3,2,N
4,1,3,2,3,3,Yes,3,3,80,4,3,Y
3,4,2,3,3,2,Yes,3,3,80,4,3,Y
3,1,3,1,3,1,Yes,3,4,80,4,3,Y
3,2,3,3,1,2,No,3,3,80,2,3,N
3,2,3,1,1,4,No,3,4,80,2,2,N
4,4,2,2,3,1,No,3,1,80,4,3,N
5,1,1,1,3,1,No,3,4,80,4,3,N
4,3,1,1,3,1,No,3,3,80,4,3,N
4,3,3,2,3,1,No,3,1,80,4,2,N
3,1,4,1,1,2,No,3,1,80,3,4,N
4,2,2,2,3,1,Yes,3,1,80,4,3,Y
1,3,2,3,3,0,No,3,1,80,4,2,N
2,1,3,2,3,5,No,3,1,80,5,3,N
3,1,3,1,1,1,Yes,3,1,80,3,3,N
2,4,1,5,3,4,No,3,4,80,5,3,N
4,3,3,4,3,3,Yes,3,4,80,5,2,Y
3,3,2,1,3,3,No,3,4,80,5,3,N
2,3,3,2,3,2,No,3,2,80,5,3,N
4,1,3,1,3,2,No,3,3,80,5,1,N
3,3,3,2,3,2,No,3,3,80,5,2,N
3,1,1,1,3,2,No,3,3,80,5,3,N
2,4,2,1,3,1,No,3,1,80,5,3,N
4,4,2,5,3,1,Yes,3,3,80,5,3,Y
3,1,3,1,1,6,Yes,3,2,80,2,3,N
3,1,3,1,1,1,Yes,3,4,80,3,2,N
2,2,3,2,3,1,No,3,1,80,5,2,N
2,4,4,2,1,3,Yes,3,3,80,1,3,N
2,1,3,1,3,1,No,3,4,80,5,2,N
3,3,3,1,3,1,No,3,3,80,5,2,N
4,4,3,3,3,1,Yes,3,1,80,5,2,Y
4,3,3,2,3,1,No,3,4,80,5,3,N
2,1,4,2,3,0,No,3,4,80,5,2,N
4,3,2,5,3,0,No,3,1,80,5,3,N
2,1,3,5,3,0,No,3,4,80,5,3,N
1,3,3,1,3,0,Yes,3,3,80,5,3,Y
2,1,4,2,3,0,No,3,2,80,5,2,N
3,1,3,1,3,4,No,3,1,80,6,3,N
2,4,3,5,3,3,No,3,2,80,6,3,N
2,4,2,3,3,3,Yes,3,4,80,6,4,Y
2,3,2,2,3,2,Yes,3,1,80,6,3,Y
5,4,3,2,3,2,Yes,3,1,80,6,3,Y
3,3,3,1,3,1,No,3,3,80,6,3,N
2,4,3,2,1,3,Yes,3,2,80,3,3,N
2,3,3,1,1,1,Yes,3,4,80,3,4,N
1,4,2,2,3,1,No,3,2,80,6,3,N
1,4,4,2,3,1,No,3,3,80,6,3,N
3,1,3,3,3,0,No,3,3,80,6,2,N
3,2,3,2,3,0,No,3,2,80,6,3,N
2,2,2,1,3,0,No,3,2,80,6,2,N
2,1,3,2,3,0,No,3,1,80,6,3,N
2,3,3,2,1,2,No,3,1,80,2,2,N
4,4,2,2,3,0,No,3,3,80,6,3,N
2,4,2,4,2,1,No,3,3,80,2,3,N
2,2,2,2,2,1,No,3,1,80,2,3,N
3,1,2,1,2,1,No,3,1,80,2,3,N
4,3,3,2,2,0,No,3,4,80,2,3,N
2,3,3,2,2,0,No,3,1,80,2,4,N
2,3,2,1,2,0,No,3,2,80,2,4,N
3,3,3,2,2,0,No,3,1,80,2,3,N
2,4,2,2,2,0,Yes,3,4,80,2,3,Y
4,4,3,1,2,0,Yes,3,2,80,2,3,Y
4,2,2,1,2,0,No,3,2,80,2,3,N
4,3,3,2,2,6,No,3,4,80,3,3,N
2,3,2,1,1,2,No,3,1,80,2,2,N
3,4,1,2,2,5,No,3,4,80,3,3,N
3,1,3,1,2,5,No,3,4,80,3,3,N
2,2,3,1,1,1,Yes,3,4,80,0,3,N
3,2,3,2,2,4,No,3,3,80,3,4,N
2,4,3,1,2,4,No,3,3,80,3,2,N
2,1,2,1,1,6,No,3,1,80,2,1,N
2,1,3,3,2,4,No,3,3,80,3,2,N
1,4,3,1,1,1,No,3,4,80,2,3,N
3,2,3,3,2,4,No,3,4,80,3,3,N
3,3,2,1,2,4,No,3,2,80,3,3,N
3,4,2,5,2,4,No,3,4,80,3,3,N
3,3,3,1,2,4,No,3,3,80,3,3,N
1,2,4,2,2,3,No,3,4,80,3,3,N
4,3,3,2,2,3,Yes,3,4,80,3,3,Y
3,4,3,2,2,3,No,3,1,80,3,2,N
4,1,3,2,2,3,Yes,3,4,80,3,3,Y
5,1,3,4,2,3,No,3,3,80,3,4,N
4,3,3,3,2,3,No,3,2,80,3,3,N
4,3,3,3,2,3,No,3,2,80,3,3,N
1,4,3,1,1,0,Yes,3,2,80,3,2,N
3,2,4,2,2,3,No,3,1,80,3,1,N
3,3,2,3,2,2,Yes,3,4,80,3,3,Y
3,4,2,2,2,2,No,3,4,80,3,2,N
3,2,2,2,2,1,No,3,3,80,3,3,N
1,2,3,1,2,1,No,3,4,80,3,3,N
5,3,3,3,2,1,No,3,1,80,3,3,N
4,2,3,2,2,1,No,3,1,80,3,3,N
1,1,2,1,2,1,Yes,3,3,80,3,3,Y
1,3,3,1,2,1,No,3,1,80,3,3,N
3,1,2,4,2,1,No,3,3,80,3,3,N
3,2,3,1,2,1,Yes,3,4,80,3,3,Y
3,4,2,3,2,1,No,3,2,80,3,4,N
3,2,3,2,2,1,No,3,4,80,3,2,N
2,2,3,2,2,1,No,3,4,80,3,3,N
3,2,3,1,2,1,No,3,2,80,3,3,N
1,3,3,1,1,3,No,3,4,80,3,2,N
1,3,2,1,1,1,No,3,4,80,3,2,N
3,4,2,1,2,1,Yes,3,2,80,3,4,Y
4,2,3,1,2,1,No,3,1,80,3,3,N
1,2,3,1,1,2,No,3,3,80,2,3,N
1,1,4,1,1,7,No,3,3,80,3,2,N
2,4,3,1,2,1,No,3,1,80,3,1,N
4,4,3,2,1,5,Yes,4,3,80,2,3,Y
1,4,2,4,2,1,Yes,3,4,80,3,3,Y
4,4,2,2,1,8,Yes,4,1,80,2,3,Y
3,4,2,3,2,1,No,3,4,80,3,1,N
3,3,3,1,2,1,Yes,3,3,80,3,3,Y
3,1,2,2,2,1,Yes,3,2,80,3,2,Y
4,4,1,1,1,1,Yes,4,2,80,2,3,Y
1,3,3,1,2,1,No,3,3,80,3,1,N
3,4,2,1,1,6,Yes,4,3,80,5,3,Y
4,2,3,5,2,1,No,3,2,80,3,2,N
3,2,1,1,2,1,No,3,3,80,3,3,N
1,2,3,1,2,1,No,3,2,80,3,3,N
1,4,2,1,2,1,No,3,4,80,3,3,N
3,2,3,1,2,1,No,3,4,80,3,3,N
4,3,2,1,2,1,No,3,3,80,3,3,N
3,3,3,3,2,0,No,3,3,80,3,2,N
1,4,3,1,2,0,No,3,1,80,3,3,N
3,4,3,2,2,0,No,3,2,80,3,4,N
3,4,1,2,1,1,No,4,2,80,6,3,Y
3,2,2,1,2,0,No,3,4,80,3,3,N
3,2,3,1,2,0,No,3,1,80,3,3,N
3,4,3,2,2,0,No,3,3,80,3,3,N
3,4,3,3,2,0,No,3,2,80,3,2,N
1,3,3,2,2,0,Yes,3,1,80,3,2,Y
1,4,3,1,2,0,No,3,3,80,3,3,N
3,3,3,2,2,0,No,3,4,80,3,3,N
2,4,3,1,2,0,Yes,3,3,80,3,3,Y
4,4,3,2,2,0,No,3,1,80,3,3,N
1,3,3,3,2,0,No,3,1,80,3,1,N
2,4,4,1,2,5,No,3,3,80,4,2,N
3,1,3,2,2,5,No,3,1,80,4,1,N
2,3,2,1,2,4,No,3,2,80,4,2,N
1,1,3,5,2,3,No,3,1,80,4,2,N
2,4,3,1,2,3,Yes,3,3,80,4,4,Y
1,4,3,3,2,3,No,3,2,80,4,3,N
2,2,3,2,2,3,No,3,3,80,4,3,N
3,1,3,1,2,2,No,3,3,80,4,3,N
2,3,3,2,2,2,No,3,3,80,4,2,N
3,3,3,1,1,1,No,4,3,80,3,3,Y
2,3,3,1,1,1,No,4,3,80,4,3,Y
2,3,2,1,1,0,Yes,4,1,80,0,3,Y
2,3,2,2,2,1,Yes,3,2,80,4,2,Y
2,1,3,1,1,2,No,4,4,80,3,4,Y
3,3,3,1,2,1,No,3,3,80,4,3,N
1,1,3,1,2,1,Yes,3,2,80,4,3,N
3,3,2,1,2,1,No,3,3,80,4,3,N
2,3,1,2,2,1,No,3,1,80,4,3,N
4,1,3,3,2,1,No,3,1,80,4,3,N
4,1,3,3,2,0,No,3,3,80,4,3,N
1,3,3,1,1,0,No,4,3,80,2,3,Y
3,2,3,2,2,5,No,3,4,80,5,3,N
4,2,2,3,2,5,No,3,4,80,5,1,N
3,3,2,2,2,4,No,3,4,80,5,4,N
3,3,3,5,2,3,No,3,2,80,5,3,N
2,3,3,1,2,2,No,3,1,80,5,3,N
3,2,3,3,2,2,No,3,2,80,5,3,N
1,4,2,3,2,2,No,3,3,80,5,3,N
3,2,3,2,2,2,No,3,2,80,5,4,N
3,3,2,2,2,2,No,3,3,80,5,3,N
3,4,3,1,2,1,No,3,3,80,5,2,N
3,1,3,2,2,1,No,3,3,80,5,3,N
2,3,3,2,2,1,No,3,2,80,5,2,N
1,2,1,1,1,1,Yes,4,2,80,5,3,Y
3,1,4,1,2,0,No,3,3,80,5,3,N
4,3,3,3,2,0,No,3,4,80,5,3,N
3,4,3,4,2,3,No,3,3,80,6,3,N
4,1,3,3,2,1,No,3,4,80,6,3,N
3,2,4,1,2,1,No,3,4,80,6,3,N
2,4,3,1,2,1,No,3,3,80,6,2,N
